ProductID,ProductName,Category,Price,StockQuantity,Rating,LaunchDate
P0001,无线蓝牙耳机,电子产品,199.5,500,4.8,2023-05-12
P0002,智能手表,电子产品,899.0,320,4.5,2023-06-18
P0003,男士纯棉T恤,服装,59.9,out of stock,4.2,2023-07-01
P0004,便携式充电宝,电子产品,99.0,1200,99.5,2023-08-15
P0005,运动水杯,家居用品,35.5,850,4.6,12/05/2023
P0006,人体工学椅,办公用品,-150.0,45,4.9,2023-09-10
P0007,,美妆护肤,299.0,150,4.7,2023-10-01
,家用扫地机器人,家用电器,1599.0,80,4.4,2023-11-11
P0009,女士单肩包,箱包,350.0,200,4.3,2023-12-12
P0010,无线鼠标,Elec@#tronics,89.0,600,4.1,2024-01-05
P0011,机械键盘,电子产品,One Hundred,300,4.8,2024-02-14
P0012,不锈钢餐具套装,家居用品,120.0,100000000,4.5,2024-03-08
P0013,保湿面膜(10片装),美妆护肤,89.9,500,4.6,
P0014,儿童拼图玩具,母婴玩具,45.0,350,4.9,2024-05-01
P0015,瑜伽垫,运动户外,68.0,420,-1.2,2024-06-15
P0016,吹风机,家用电器,129.0,210,4.7,2024-07-22
P0017,咖啡豆(500g),食品饮料,75.5,-20,4.5,2024-08-10
P0018,纯棉四件套,家居用品,259.0,180,4.8,2022-01-15
P0019,护眼台灯,办公用品,150.0,无库存,4.4,2022-02-20
P0020,防晒霜,美妆护肤,128.0,600,4.7,05/18/2022
P0021,空气炸锅,家用电器,299.0,350,4.6,2022-06-10
P0022,商务双肩包,箱包,,280,4.5,2022-08-05
P0023,婴儿湿巾,母婴玩具,25.9,1500,4.9,2022-09-12
P0024,跳绳,运动户外,15.0,800,10.0,2022-10-20
P0025,混合坚果,食品饮料,69.9,500,4.6,2022-11-11
P0026,智能音箱,电子产品,199.0,450,4.3,
P0027,女士连衣裙,服_装!!!,159.0,320,4.5,2023-01-08
P0028,记忆棉枕头,家居用品,-89.0,600,4.7,2023-02-14
P0029,无线打印机,办公用品,899.0,9999999,4.4,2023-03-20
P0030,氨基酸洗面奶,美妆护肤,55.0,800,4.8,2023-04-05
P0031,,家用电器,199.0,420,4.5,2023-05-01
P0032,真皮钱包,箱包,189.0,none,4.6,2023-06-18
P0033,奶瓶,母婴玩具,88.0,550,-0.5,2023-07-22
P0034,运动背包,运动户外,Free,300,4.7,2023-08-30
P0035,绿茶茶叶,食品饮料,120.0,400,4.8,11/05/2023
P0036,平板电脑,电子产品,2599.0,-50,4.9,2023-10-01
P0037,运动卫衣,服装,129.0,450,4.6,2023-11-15
P0038,香薰蜡烛,家居用品,45.0,200,4.4,2023-12-20
P0039,中性笔套装,办公用品,12.5,1200,4.8,2024-01-10
,口红,美妆护肤,150.0,800,4.7,2024-02-14
P0041,电动牙刷,家用电器,199.0,600,99.9,2024-03-08
P0042,旅行行李箱,箱包,359.0,250,4.5,2024-04-20
P0043,毛绒玩具,母婴玩具,59.0,700,4.8,2024-05-15
P0044,哑铃,运动户外,85.0,400,4.6,08/25/2024
P0045,气泡水,食品饮料,35.0,1500,4.4,
P0046,无线蓝牙耳机,电子产品,199.5,???,4.8,2022-03-12
P0047,智能手表,电子产品,899.0,320,4.5,2022-04-18
P0048,男士纯棉T恤,服装,-59.9,800,4.2,2022-05-01
P0049,便携式充电宝,电子产品,99.0,1200,4.5,2022-06-15
P0050,运动水杯,家居用品,35.5,100000000,4.6,2022-07-05
P0051,人体工学椅,办@#公用品,699.0,45,4.9,2022-08-10
P0052,精华液,美妆护肤,299.0,150,4.7,2022-09-01
P0053,家用扫地机器人,家用电器,1599.0,80,4.4,11/11/2022
P0054,女士单肩包,箱包,350.0,200,4.3,2022-12-12
P0055,无线鼠标,电子产品,,600,4.1,2023-01-05
P0056,机械键盘,电子产品,399.0,-100,4.8,2023-02-14
P0057,不锈钢餐具套装,家居用品,120.0,500,15.0,2023-03-08
P0058,保湿面膜(10片装),美妆护肤,89.9,out of stock,4.6,2023-04-10
P0059,儿童拼图玩具,母婴玩具,45.0,350,4.9,2023-05-01
P0060,,运动户外,68.0,420,4.5,2023-06-15
P0061,吹风机,家用电器,129.0,210,4.7,2023-07-22
P0062,全麦面包,食品饮料,15.5,800,4.5,
P0063,纯棉四件套,家居用品,十块钱,180,4.8,2023-09-15
P0064,办公收纳盒,办公用品,25.0,500,4.4,2023-10-20
P0065,防晒霜,美妆护肤,128.0,600,4.7,2023-11-11
P0066,空气炸锅,家用电器,299.0,无库存,4.6,12/12/2023
P0067,商务双肩包,箱包,259.0,280,-2.0,2024-01-05
P0068,婴儿湿巾,母婴玩具,-25.9,1500,4.9,2024-02-10
P0069,速干衣,运动户外,59.0,800,4.6,2024-03-20
P0070,混合坚果,食品饮料,69.9,9999999,4.6,2024-04-15
P0071,智能音箱,电_子_产_品,199.0,450,4.3,2024-05-05
P0072,女士连衣裙,服装,159.0,320,4.5,2024-06-18
P0073,记忆棉枕头,家居用品,89.0,-50,4.7,2024-07-14
P0074,无线打印机,办公用品,,150,4.4,2024-08-20
P0075,氨基酸洗面奶,美妆护肤,55.0,800,4.8,09/05/2024
P0076,加湿器,家用电器,199.0,420,4.5,2022-01-10
P0077,真皮钱包,箱包,189.0,none,4.6,
P0078,奶瓶,母婴玩具,88.0,550,4.8,2022-03-22
P0079,运动背包,运动户外,159.0,300,99.5,2022-04-30
P0080,绿茶茶叶,食品饮料,待定,400,4.8,2022-05-15
P0081,平板电脑,电子产品,2599.0,300,4.9,2022-06-01
P0082,,服装,129.0,450,4.6,2022-07-15
P0083,香薰蜡烛,家居用品,45.0,200,4.4,2022-08-20
P0084,中性笔套装,办公用品,-12.5,1200,4.8,2022-09-10
,口红,美妆护肤,150.0,800,4.7,2022-10-14
P0086,电动牙刷,家用电器,199.0,10000000,4.8,11/08/2022
P0087,旅行行李箱,箱包,359.0,250,4.5,2022-12-20
P0088,毛绒玩具,母婴玩具,59.0,out of stock,4.8,2023-01-15
P0089,哑铃,运@#动户外,85.0,400,4.6,2023-02-25
P0090,气泡水,食品饮料,35.0,-150,4.4,2023-03-10
P0091,无线蓝牙耳机,电子产品,199.5,500,-1.5,2023-04-12
P0092,智能手表,电子产品,899.0,320,4.5,
P0093,牛仔裤,服装,,800,4.2,2023-06-01
P0094,便携式充电宝,电子产品,99.0,1200,4.5,2023-07-15
P0095,运动水杯,家居用品,Free,850,4.6,2023-08-05
P0096,人体工学椅,办公用品,699.0,???,4.9,2023-09-10
P0097,精华液,美妆护肤,299.0,150,4.7,10/01/2023
P0098,家用扫地机器人,家用电器,-1599.0,80,4.4,2023-11-11
P0099,女士单肩包,箱包,350.0,9999999,4.3,2023-12-12
P0100,无线鼠标,电子产品,89.0,600,10.0,2024-01-05
P0101,机械键盘,电子产品,399.0,300,4.8,2024-02-14
P0102,不锈钢餐具套装,家居用品,120.0,500,4.5,2024-03-08
P0103,,美妆护肤,89.9,500,4.6,2024-04-10
P0104,儿童拼图玩具,母婴玩具,45.0,无库存,4.9,2024-05-01
P0105,瑜伽垫,运动户外,68.0,420,4.5,2024-06-15
P0106,吹风机,家用电器,129.0,-50,4.7,2024-07-22
P0107,全麦面包,食品饮料,15.5,800,4.5,08/10/2024
P0108,纯棉四件套,家居用品,259.0,180,4.8,
P0109,办公收纳盒,办公用品,One Hundred,500,4.4,2022-01-20
P0110,防晒霜,美妆护肤,128.0,600,4.7,2022-02-11
P0111,空气炸锅,家用电器,299.0,350,-0.5,2022-03-12
P0112,商务双肩包,箱包,259.0,10000000,4.5,2022-04-05
P0113,婴儿湿巾,母婴玩具,,1500,4.9,2022-05-10
P0114,速干衣,运_动_户_外,59.0,800,4.6,2022-06-20
P0115,混合坚果,食品饮料,-69.9,500,4.6,2022-07-15
P0116,智能音箱,电子产品,199.0,none,4.3,2022-08-05
P0117,女士连衣裙,服装,159.0,320,99.9,2022-09-18
P0118,记忆棉枕头,家居用品,89.0,600,4.7,10/14/2022
P0119,无线打印机,办公用品,899.0,150,4.4,2022-11-20
,氨基酸洗面奶,美妆护肤,55.0,800,4.8,2022-12-05
P0121,加湿器,家用电器,199.0,420,4.5,2023-01-10
P0122,真皮钱包,箱包,189.0,500,4.6,
P0123,奶瓶,母婴玩具,88.0,-200,4.8,2023-03-22
P0124,运动背包,运动户外,159.0,300,4.7,2023-04-30
P0125,绿茶茶叶,食品饮料,120.0,out of stock,4.8,2023-05-15
P0126,平板电脑,电子产品,十块钱,300,4.9,2023-06-01
P0127,加绒外套,服装,129.0,450,4.6,2023-07-15
P0128,香薰蜡烛,家居用品,45.0,10000000,4.4,2023-08-20
P0129,中性笔套装,办公用品,12.5,1200,-3.0,2023-09-10
P0130,,美妆护肤,150.0,800,4.7,2023-10-14
P0131,电动牙刷,家用电器,-199.0,600,4.8,2023-11-08
P0132,旅行行李箱,箱包,359.0,250,4.5,12/20/2023
P0133,毛绒玩具,母婴玩具,59.0,700,4.8,2024-01-15
P0134,哑铃,运动户外,,400,4.6,2024-02-25
P0135,气泡水,食@#品饮料,35.0,1500,4.4,2024-03-10
P0136,无线蓝牙耳机,电子产品,199.5,???,4.8,2024-04-12
P0137,智能手表,电子产品,899.0,320,15.0,2024-05-18
P0138,男士纯棉T恤,服装,59.9,-80,4.2,2024-06-01
P0139,便携式充电宝,电子产品,99.0,1200,4.5,
P0140,运动水杯,家居用品,35.5,850,4.6,2022-01-05
P0141,人体工学椅,办公用品,699.0,无库存,4.9,2022-02-10
P0142,精华液,美妆护肤,Free,150,4.7,2022-03-01
P0143,家用扫地机器人,家用电器,1599.0,100000000,4.4,2022-04-11
P0144,女士单肩包,箱包,350.0,200,-1.0,2022-05-12
P0145,无线鼠标,电子产品,-89.0,600,4.1,2022-06-05
P0146,机械键盘,电子产品,399.0,300,4.8,07/14/2022
P0147,不锈钢餐具套装,家居用品,120.0,500,4.5,2022-08-08
P0148,保湿面膜(10片装),美妆护肤,,500,4.6,2022-09-10
P0149,儿童拼图玩具,母婴玩具,45.0,350,4.9,2022-10-01
,瑜伽垫,运动户外,68.0,420,4.5,2022-11-15
P0151,吹风机,家_用_电_器,129.0,210,4.7,2022-12-22
P0152,全麦面包,食品饮料,15.5,none,4.5,2023-01-10
P0153,纯棉四件套,家居用品,259.0,180,99.9,2023-02-15
P0154,办公收纳盒,办公用品,25.0,-500,4.4,2023-03-20
P0155,防晒霜,美妆护肤,128.0,600,4.7,
P0156,空气炸锅,家用电器,待定,350,4.6,2023-05-12
P0157,商务双肩包,箱包,259.0,280,4.5,2023-06-05
P0158,婴儿湿巾,母婴玩具,25.9,10000000,4.9,2023-07-10
P0159,速干衣,运动户外,-59.0,800,4.6,2023-08-20
P0160,混合坚果,食品饮料,69.9,500,-4.0,2023-09-15
P0161,智能音箱,电子产品,199.0,450,4.3,10/05/2023
P0162,女士连衣裙,服装,159.0,out of stock,4.5,2023-11-18
P0163,,家居用品,89.0,600,4.7,2023-12-14
P0164,无线打印机,办公用品,899.0,150,4.4,2024-01-20
P0165,氨基酸洗面奶,美妆护肤,,800,4.8,2024-02-05
P0166,加湿器,家用电器,199.0,420,4.5,2024-03-10
P0167,真皮钱包,箱包,One Hundred,500,4.6,2024-04-18
P0168,奶瓶,母@#婴玩具,88.0,550,4.8,2024-05-22
P0169,运动背包,运动户外,159.0,???,4.7,2024-06-30
P0170,绿茶茶叶,食品饮料,120.0,-400,4.8,2024-07-15
P0171,平板电脑,电子产品,2599.0,300,10.0,2024-08-01
P0172,加绒外套,服装,-129.0,450,4.6,
P0173,香薰蜡烛,家居用品,45.0,200,4.4,2022-01-20
P0174,中性笔套装,办公用品,12.5,10000000,4.8,2022-02-10
P0175,口红,美妆护肤,150.0,800,-0.5,2022-03-14
P0176,电动牙刷,家用电器,199.0,600,4.8,04/08/2022
P0177,旅行行李箱,箱包,359.0,无库存,4.5,2022-05-20
P0178,毛绒玩具,母婴玩具,Free,700,4.8,2022-06-15
P0179,哑铃,运动户外,85.0,400,4.6,2022-07-25
P0180,气泡水,食品饮料,,1500,4.4,2022-08-10
P0181,,电子产品,199.5,500,4.8,2022-09-12
P0182,智能手表,电_子_产_品,899.0,320,4.5,2022-10-18
P0183,男士纯棉T恤,服装,59.9,out of stock,4.2,2022-11-01
P0184,便携式充电宝,电子产品,-99.0,1200,4.5,2022-12-15
P0185,运动水杯,家居用品,35.5,850,99.5,2023-01-05
P0186,人体工学椅,办公用品,699.0,-45,4.9,2023-02-10
P0187,精华液,美妆护肤,299.0,10000000,4.7,2023-03-01
P0188,家用扫地机器人,家用电器,1599.0,80,4.4,
P0189,女士单肩包,箱包,十块钱,200,4.3,2023-05-12
P0190,无线鼠标,电子产品,89.0,600,4.1,06/05/2023
P0191,机械键盘,电子产品,,300,4.8,2023-07-14
,不锈钢餐具套装,家居用品,120.0,500,4.5,2023-08-08
P0193,保湿面膜(10片装),美妆护肤,89.9,none,4.6,2023-09-10
P0194,儿童拼图玩具,母婴玩具,45.0,350,-1.5,2023-10-01
P0195,瑜伽垫,运动户外,68.0,420,4.5,2023-11-15
P0196,吹风机,家用电器,-129.0,210,4.7,2023-12-22
P0197,全麦面包,食品饮料,15.5,800,15.0,2024-01-10
P0198,纯棉四件套,家@#居用品,259.0,180,4.8,2024-02-15
P0199,办公收纳盒,办公用品,25.0,10000000,4.4,2024-03-20
P0200,防晒霜,美妆护肤,128.0,600,4.7,2024-04-11